{"stats":{"minecraft:picked_up":{"minecraft:dirt":1},"minecraft:custom":{"minecraft:jump":52,"minecraft:time_since_rest":845,"minecraft:leave_game":1,"minecraft:sprint_one_cm":4099,"minecraft:play_time":845,"minecraft:damage_taken":20,"minecraft:time_since_death":845,"minecraft:walk_one_cm":530,"minecraft:total_world_time":845,"minecraft:fall_one_cm":1983,"minecraft:fly_one_cm":9432},"minecraft:mined":{"minecraft:grass":1,"minecraft:grass_block":1},"minecraft:used":{"minecraft:dirt":1}},"DataVersion":3465}